title,price
Xiaomi 3D Men Electric Shaver Razor Enchen BlackStone3 IPX7 Waterproof,$14.11
Baellerry Men Wallet Luxury Long Clutch Handy Bag Male PU Leather Purse,$5.61
12V 150W Mini Portable Car Air Purification Heater Demisting Defroster 2 Gears,$2.06
100 LED Solar Light  Solar Lamp Powered Sunlight 3 Modes PIR Motion Sensor,$3.60
Food Grade Silicone Cupcake Baking Mold Mould Non Stick Muffin Cup Baking Cup,$0.12
X96Q Android 10 TV Box Quad Core Allwinner H313 4K 2GB RAM 16GB ROM,$22.50
Enchen BlackStone Portable Men's 3D Electric Shaver Type-c Rechargeable,$8.23
1/2 pcs Mini Airtight Sealer Machine for Plastic Bag - Assorted Color,$0.60
20pcs Strong BBQ Kit BBQ Tools Camp Shovel Cooking Roast Fork Stainless Steel,$8.95
AXGIO Super Mini Nano Wireless Stereo Earphone with Mic for Cellphone,$1.18
Mini PVC 9 LED Flashlight with Tail on/ off Button,$0.83
Projector Light 4.9ft Green & Blue Aluminum Laser Show,$2.37
Mini 1200LM LED USB Rechargeable Tactical Flashlight,$1.67
Baseus Bluetooth Earphones Single Ear Wireless Earphone With Charging Dock,$3.58
Digital Storage Bag Electronic Accessories Bag For Earphone Cables,$1.67
QCY T1 PRO TWS Dual Bluetooth Earphones IPX4 Waterproof Headphones,$7.06
Large Capacity Travel Clothes Bag Nylon Folding Portable Tote ,$0.83
New Auto Car Shark Fin Universal Roof Antenna Radio FM,$1.67
Passport and Document Holder Multifunctional Wallet Organizer,$0.83
Y5 Color Screen Wristband Watch Smart Electronics Bracelet,$3.58
P47 On Ear Wireless Bluetooth 5.0 Headphones Dynamic Plastic Cell Phone Headset,$3.58
JM-PJ1010 10 in 1 Multifunctional Pliers Outdoor Folding Plier With Knife,$5.84
IP67 P8 Smart Watch Wristband Men Women Monitor Smartwatch Tracker For Phone,$15.50
0-150mm 6 Inch Plastic LCD Digital Electronic Carbon Fiber Vernier Caliper,$3.10
Waterproof Bluetooth V3.0 Shower Hands-free Mic Suction Speaker,$1.19
1m Type-C Cable 2.4A Fast Charge Data Cord 90 Degree Cable Android IOS,$1.19
JY011 2.4G Drone with WIFI FPV HD Camera Real time RC Quadcopter,$11.84
5-in-1 Multi-Functional Mini Handheld Car Air Pump,$4.41
Baseus E06 Dogz Bluetooth Speaker Portable Mini Bluetooth Speaker,$1.29
Mini I8X Wireless Bluetooth V4.2 In-Ear Headphone for iPhone 6 - Right Earbuds,$1.19
Faster Lawn Mower Sharpener Lawnmower Blade Sharpener Rotary,$1.18
Portable Mini C6 Wireless Bluetooth Speaker Waterproof IP 65 Wireless Speaker,$3.58
Zip Closure Travel Passport Wallet Document Holder with Zipper Strap,$0.83
T6 Luminous Keyboard Mouse Set Wired USB Game Keyboard Mouse Mice Set,$7.16
Battery Tester Digital Capacity Tester Checker Power Supply Tester,$4.74
Baellerry Canvas Men Wallet Long Clutch Card Purse Phone Bag with Coin Pocket,$3.10
Smart Digital Alarm Clock Large LCD Screen Big Digit Backlit,$3.46
Swan Base Holder Dinnerware Set with 5 Forks and 5 Spoons - Gold,$5.92
Sling Bag Shoulder Chest Bag Cross Body Multipurpose Bag f Outdoor Travel,$4.77
Baseus Mini USB Rechargeable Fan Clip-on Fan 360° Rotation Portable Desktop Fan,$4.89
Oulm 3364 Wristwatch Casual Square Dial Wide Strap Men Quartz Watch Luxury Brand,$2.39
Mini Bluetooth Earbud 6 Hour Playtime Car Headset with Mic for iPhone,$1.19
i8 Mini In-Ear 180° Rotation Bluetooth Wireless Earbud Earphone ,$1.19
M80 2.4GHz Wireless Mouse 4 Buttons 1600 DPI Adjustable Rechargeable Mute Mice,$3.58
Cotton Scarf Women Solid Color Fringed Scarf,$3.58
W16 TWS In-ear Bluetooth Earphone Digital Display Touch Wireless Earbuds,$8.47
Frame Stand Bracket Exercise Tool Gym Workout Fitness Muscle Training Hot,$1.19
Mini JJRC H48 Drone 4 Axis 2.4G RC Micro Quadcopters Remote Control f Kid Fun,$4.77
Sports Outdoor Backpack 60L Mountaineering Bag with Hiking Travel Bag,$14.31
Dynamic Drivers Stereo In-ear Earphone 3.5mm Wired Control ,$0.60
SJ4000 480P Camera 1.3MP 30M Waterproof Sports Action Camera,$2.98
Mini Foldable Handle Hair Dryer Portable Folding Blow Dryer Low Noise,$2.03
2 in 1 Cycling Eyewear Bicycle Sunglasses Outdoor Sport Glasses + Camcorder,$4.06
E6 Mini Magnetic USB Invisible Bluetooth V4.2 Earphone,$2.39
Swan Base Holder Dinnerware Set with 5 Forks and 5 Spoons - Silver,$4.74
Waterproof Children Watches Students Digital LED Quartz Alarm Sports Wrist Watch,$1.19
Frosted Mini M20 USB2.0 1000dpi Wired Mouse,$1.19
Portable Ultrasonic Mosquito Repellent Bracelet Silicone Strap IP65 Waterproof,$1.19
Home BBQ Grill Tool Set Stainless Steel Barbecue Grill Accessories Utensils Kit,$5.96
10pcs Coffee Spoon Tableware Dessert Spoons Set - Rose Gold,$2.37
Super Mini Bluetooth V4.1 Earbud S650 Invisible Earphone HD Sound,$1.19
DT58 Blood Oxygen Pressure Smart Bracelet,$16.10
MESTEK IR01A -50~380℃ Handheld Digital Thermometer,$11.93
Backpacks 60L Camping Hiking Backpack Bag Outdoor Sports Bags Travel Waterproof,$5.96
F1 In Ear/ Earhook Earphones IP5X Waterproof Headphone Super Bass Sport Headset,$3.58
E14 In-ear style 3.5mm Hifi Super Bass Wired Earphone with Microphone,$1.19
Baellerry Men Wallet Short Fashion Simple PU Leather Wallet Card Holder,$2.51
Multi-function Led Digital Alarm Clock Night Light Thermometer Mirror,$2.39
Sac A Main Crossbody Cross Shoulder For Male Messenger Bag Men Handbag,$7.16
FOYIDAISHU Man Business Small Shoulder Bag Handbag Crossbody Bag,$9.54
Multi-functiona Men Backpack Waterproof PU Leather Travel Bag Backpacks,$7.16
Kangaroo Brand Leather Messenger Bag Man Handbag Chest Bag,$7.16
AXGIO Atom Business Mini Wireless Bluetooth Earphone f iPhone 7,$5.96
30-LED Portable Collapsible Outdoor Camping Light Hanging Lantern,$1.67
TWS Bluetooth 5.0 Earphone True Wireless Earphones In-Ear Stereo Earbuds,$10.85
Children Cartoon Cat Ear Style Headset shining Folding Headphone,$6.08
SMAEL Men Watches Sport Watch LED Digital 50M Waterproof Casual Watch,$5.96
SKMEI 1376 Cartoon Car Kids Digital Watch,$1.19
TOPK 1M Round Magnetic LED USB Charging Cable Micro USB Magnet Charger Android,$1.19
[Luminous Version] CX-2 Sports Bluetooth V4.1+EDR Earphone IPX4,$2.39
Baseus Encok S16 Bluetooth Neck Hung Wireless Earphones,$9.66
T10 Bluetooth Headsets Wireless Earbuds 5.0 TWS Earphone,$7.28
Shini Q940 3.5mm Sport Headset Ear Hook For Cell Phone,$1.19
ROCKBROS Polarized Sports Men Sunglasses Road Cycling Glasses,$7.16
Coffee Cake Spoon Fork Teaspoon Set with 5Spoon+5Forks - Silver,$2.37
Unisex Date Time Watch Quartz Casual Steel Brand Luxury Modern Fashion Men Women,$1.19
Baellerry Men Fashion Wallets PU Leather Male Wallet,$4.77
Q67 TWS Wireless Earbuds 3D Stereo Mini Bluetooth Earphone 5.0 With Dual Mic,$10.85
TW40 Bluetooth Headset 5.0 Wireless Headphones Sports Black Science Earbuds,$9.66
XT-8 In-ear Bluetooth Earphone Wireless Headphones Double Sided Sport Earphones,$1.19
Portable Waterproof Outdoor Wireless Car Bluetooth Speaker for iPhone Xiaomi,$2.40
Super Mini BluetoothV4.1+EDR Earbud HD Sound Simple Style,$1.19
Mini Infrared Induction Helicopter Hand Induction Flying Aircraft for Kids,$3.58
Baellerry Short Men Wallets 11 Card Holders Desigh Zipper Men Leather Purse,$4.77
FineBlue F920 Retractable Wireless Bluetooth Earphones Clip Mic,$9.54
1M Magnetic Nylon Charge/Data Cable +Detachable Micro USB Metal Plug,$1.43
YL-6S Wireless Bluetooth Earphone In-ear Earbuds Waterproof HD Call Headset,$6.03
Bluetooth Headphone Kissral Wireless Sport Earbud,$1.19
XT22 Wireless bluetooth Earphone Magnetic Adsorption TF Card Sports Headphone,$2.39
Multifunction Metal Tire Inflator Pump With LCD Digital Display,$11.93
Bluetooth 4.1 Headphone Wireless Mini Invisible In-Ear Bluetooth Earbud With Mic,$1.19
Earphone Storage Bag Mobile Phone Data USB Cable Charger Organizer Bag,$1.19
S610 Portable Outdoor Waterproof Bluetooth Speaker,$14.31
IR Remote Extender Repeater for PC DVD,$8.95
10pcs Coffee Spoon Tableware Dessert Spoons Set - Gold,$3.55
BT315 Bluetooth Headset Pendant Sports Headphones Smart Magnetic Waterproof,$4.77
BS118 Bluetooth Speaker Dual Loudpeakers Subwoofer Outdoor Portable TF FM USB,$5.37
OEM Samsung Galaxy S6 S7 Edge Note 5 Headset Earphones Earbuds with Mic,$1.19
Mosquito Killer Lamp USB Power LED Mosquito Repellent Bug Zapper Night Lamp,$3.58
LEINASEN Men Messenger Bag Vintage Casual Shoulder Bag,$8.35
WEIXIER Fashion Casual Men's Shoulder Bag Zip Office Men's Handbag,$8.35
K53 Mini Wireless Bluetooth Headset Call Remind Vibration Sport Earphone,$9.54
No.1 Smartband F4 IP68 Heart Rate Sedentary Reminder Remote Camera Pedometer,$17.65
S5 Wireless Bluetooth 4.0 Sport Earbuds,$3.58
LED Smart Wristband 3D Pedometer Activity Tracker Sleep Heart Rate Monitor,$3.58
Sports Style Earphone In Ear Waterproof and Sweat-proof 3.5mm Jack,$1.19
TWS Wireless Earphones Bluetooth 5.0 with Mic Stereo Handsfree,$6.08
TWS Bluetooth 5.0 Wireless Headset Earhook Earphones Sports with Chaging bay,$7.28
HBQ i7 TWS Wireless Bluetooth Headphone V4.2 Binaural Earphone,$2.39
Men Women Outdoor Sports Running Wireless Bluetooth Earphone,$4.77
YoYo Lamp 3 in 1 Table/Desk/Flash Light Rechargeable USB LED Night Light,$4.77
PU Leather Short Wallet Purse,$3.58
ESCAM Elf QF200 HD 960P WiFi IP Camera 1.3MP Two-way Voice,$8.35
Printing Pen 12V 3D Pen Pencil 3D Drawing Pen Filament For Kid Education,$9.54
In-ear style 3.5mm Super Bass Universal Earphone Wired Sport Earphone with Mic,$0.60
4-Way Tactical Waist Pack Molle Fishing Gear Bag,$3.58
Electric Mini Hand Drill Rotary Metal Wood Engraver Grinder Polishing Machine,$9.78
Smart Wireless Bluetooth Stereo Headset Headphone with MIC,$7.28
S36 Earphone Heavy Bass In-Ear Earphones Music Headset Microphone 3.5mm,$1.19
Modern Style LED Wall Lamp Sconce Indoor Lighting Fixtures,$0.95
10pcs Stainless Steel Leaf Fruit Forks Set - Gold,$3.55
LANCHI 1069 Casual Backpacks Waterproof School Bags Business Backpacks,$8.35
BT-1 Wireless Bluetooth 4.1 Earphone Handsfree Headphones With Mic Smartphones,$1.19
BASEUS Metal Cable w/ Indicator 8Pin 2A Fast Charging/ Data Sync,$2.98
BT313 Bluetooth 4.1 Earphone Wireless Earphones Magnetic Sport Ear Phones,$3.58
Leiming S1D-DW01-56 Micro Electric Twist Drill Bit Machine Grinding Machine,$22.50
Men Anti Theft Chest Bag Shoulder Crossbody Bag School Summer Trip Bag A Left,$3.55
M3 Plus Waterproof 3D Dynamic UI Interface Smart Wristband,$4.53
Vintage Men Leather Brand Luxury Wallet Short Slim Male Purses,$2.39
Men Nylon Travel Backpack Large Capacity Camping Casual Backpack Hiking Bag,$7.16
HD Full Touch Waterproof IP67 Color Screen With Heart Rate Monitoring Smart Brac,$14.07
Beard Catcher Apron Beard Cape Bib and Beard Shaping Tool for Shaving,$1.19
Baellerry Men PU Leather Functional Long Wallet Vintage Purse Clutch Bag,$4.17
JBMMJ MJ100 Earphone Metal In-Ear 3.5mm Earbuds Aluminum Alloy Superb Sound,$1.19
3W LED COB Flashlight 160LM 2 Modes Flashlights & Torches,$1.19
Evpad 2S+ Android 4.4 TV BOX Quad-core 1GB 8GB 4K H2.65 HDMI 2.4G WiFi,$35.90
10pcs Coffee Spoon Tableware Dessert Spoons Set - Silver,$2.37
3.5mm Stereo Woven Fiber Cloth Line Headset,$1.19
Baellerry 3209 Men Short Wallet PU Leather Card Holder Coin Wallet,$3.58
Sports Wireless Bluetooth V3.0 Music Headsets Headphones w/ Mic,$2.39
K680 Rechargeable Wireless Gaming Keyboard and Mouse Set With LED Kit Combos,$22.66
PU Leather RFID Men Wallet with Card Holder Luxury Short Zipper Purse,$5.96
Wireless Bluetooth Earphone Phone Earbud Headset Magnetic USB Charger,$2.39
Mens Nylon Belts Alloy Buckle Waistband Casual Canvas Jeans Belts,$1.79
XIAOMI MIJIA Microhoo Mini Air Conditioner Fan Personal Portable USB Air Cooler,$25.88
E6 Bluetooth Earphone 4.2 In-Ear MINI Stereo 600mA with Charging Box,$2.39
Baellerry Men Long Fashion Wallets Desigh Zipper Card Holder Leather Purse,$5.92
Piston Classic In-Ear Headphones for XIAOMI 1 More,$0.60
1/2/4 pcs EU Plug Digital Display Energy Saving Timer Programmable Timer Socket,$2.98
Men Short Wallets PU Leather Zipper Buckle Coin Purse,$3.46
Men Women UV400 Polarized Sunglasses Driving Fishing Cycling Bicycle Eyewear,$5.92
Home Security System Alarm Voice Acousto-optic Siren 433MHz,$2.39
PU Leather Backpack Youth Travel Rucksack School Laptop Business Shoulder Bags,$11.93
LED Solar Charging Flashlight – 3 Light Modes,$5.25
Sothing Mosquito Swatter Portable Rechargeable Electric Mosquito Killer,$7.16
X5 Bluetooth 5.0+3.0+2.4G Wireless Three Mode Mute Rechargeable Gaming Mouse,$6.32
H96-P DLP Amlogic S905 Android 6.0 2G 16G 854x480 TF Card BT 4.0 WiFi Projector,$106.98
DUBERY 103 Polarized Sunglasses Men Driving Shades Male Retro Sun Glasses,$4.74
USB Rechargeable Flashlight Portable Lantern Waterproof Flash Light,$3.58
Swan Base Holder Dinnerware Set with 10 Spoons - Gold,$5.92
DUBERY 163 Polarized Sunglasses Men Driving Shades Male Retro Sun Glasses,$3.58
Luminous Headset Glow In Dark Headphones Flashlight Earphone with Mic,$1.19
DUBERY Vintage Sunglasses Polarized Men's Sun Glasses For Men,$4.06
WEIXIER Long Men Wallet Double Zipper Coin Pocket Purse Casual Card Holder,$5.92
G189 Optical Mute Mouse Mice for Computer PC,$3.58
Men PU Leather Long Clutch Wallet Business Men Cards Phone Holder Purse,$5.84
Swan Base Holder Dinnerware Set with 10 Spoons - Silver,$4.74
In Ear / Earhook Style Earphones IP5X Waterproof Headphone HiFi Super Bass,$2.39
Baellerry PU Leather Removable Wrist Strap Multi-function Vintage Men Wallets,$4.29
Swan Base Holder Dinnerware Set with 10 Forks - Silver,$4.74
Coffee Cake Spoon Fork Teaspoon Set with 5Spoon+5Forks - Rose Gold,$3.55
4 in1 Women's Trimmer Electric Shaver Razor for Bikini Area,$2.35
Xiaomi Pizza Cutter Stainless Steel Cake Knife Pizza Wheels knife Removable,$7.16
Work Light Portable Flashlight 360°-Rotating Hook Magnetic Base,$2.74
Motion Sensor Battery Run Wall Night Light,$5.37
10pcs Stainless Steel Leaf Fruit Forks Set - Silver,$2.37
3-LED Telescopic Flexible Extending Torch Magnetized Head Finder Tool,$2.39
Mens Womens Money Clip PU Leather Wallet Ultra Slim Credit Card Holder Pouch,$2.50
5W Pest Control Electric Mosquito Killer Lamp Insect Trap Lamp LED Pest Catcher,$2.39
Coffee Cake Spoon Fork Teaspoon Set with 5Spoon+5Forks - Gold,$3.55
Swan Base Holder Dinnerware Set with 10 Forks - Gold,$5.92
"SJ4000 1.5"" LCD Screen 12MP 1080P Waterproof Sports Camera",$30.65
10pcs Stainless Steel Leaf Fruit Forks Set - Rose Gold,$2.37
Portable Manual Ceramic Coffee Grinder Washable Mini Manual Hand Coffee,$3.58
WLtoys A959 High-Speed Vortex 4-CH 1:18 2.4GHz 4WD RC Car,$29.10
Car Dashboard Digital LCD Clock Calendar,$1.67
3-in-1 Rechargeable LED Camping Light Stage Light Outdoor Lamp Flashlight,$1.79
Electric Makeup Brush Cleaner & Dryer Set Make up Brushes Washing Tool,$5.96
X400 Outdoor Snowboard Ski Motorcycle Goggles,$2.39
